train_acc,train_loss,val_acc,val_loss,val_f1,val_precision,val_recall,curr_epoch
0.5,0.74009717,0.7166666666666667,0.6912393,0.7110463550027979,0.7674427424427425,0.7890185624560625,0
