train_acc,train_loss,val_acc,val_loss,val_f1,val_precision,val_recall,curr_epoch
0.4,0.7064674,0.44166666666666665,0.6932722,0.4205457916588915,0.5114008387445887,0.5393881292318793,0
0.5666666666666667,0.69701004,0.3375,0.6974513,0.24606150708671237,0.16875,0.5,1
0.5666666666666667,0.693995,0.3458333333333333,0.7016322,0.2528601751705467,0.17291666666666666,0.5,2
0.7,0.67474425,0.3416666666666667,0.7066604,0.2448025962517314,0.17083333333333334,0.5,3
0.6666666666666667,0.67517793,0.3458333333333333,0.71157825,0.25082360214212585,0.17291666666666666,0.5,4
0.6,0.6660242,0.3375,0.71778023,0.24329242696662606,0.16875,0.46875,5
0.7,0.6464448,0.35,0.71912515,0.25444059918017553,0.175,0.5,6
0.7666666666666666,0.6399647,0.35,0.7182027,0.2520375745732035,0.175,0.5,7
0.7666666666666666,0.65056777,0.3375,0.7180843,0.24582295505314672,0.16875,0.5,8
