train_acc,train_loss,val_acc,val_loss,curr_epoch
0.7878228782287823,0.49405915,0.831896551724138,0.46433404,0
0.8212177121771218,0.4288406,0.8801724137931034,0.36775768,1
0.8169741697416975,0.42643714,0.9034482758620691,0.27873823,2
0.8214022140221402,0.41388598,0.8025862068965517,0.56405854,3
0.8256457564575646,0.40232924,0.8853448275862069,0.31286368,4
0.8284132841328413,0.3964198,0.85,0.43708566,5
0.8306273062730627,0.3930828,0.7293103448275863,0.7810622,6
0.8287822878228781,0.38963458,0.8318965517241379,0.49507588,7
