train_acc,train_loss,val_acc,val_loss,val_f1,val_precision,val_recall,curr_epoch
0.47500000000000003,0.7113406,0.6541666666666667,0.683322,0.3931050288911147,0.32708333333333334,0.5,0
