train_acc,train_loss,val_acc,val_loss,val_f1,val_precision,val_recall,curr_epoch
0.5,0.7368393,0.7500000000000001,0.69099504,0.7434381815635462,0.7877517158767159,0.814217611092611,0
