train_acc,train_loss,val_acc,val_loss,val_f1,val_precision,val_recall,curr_epoch
0.65,0.66801214,0.41666666666666674,0.80149245,0.37142316974989936,0.625454183866529,0.5600370115995116,0
0.7250000000000001,0.6370688,0.5125000000000001,0.7520388,0.46932601917679473,0.6408053089554637,0.6202482702482702,1
