train_acc,train_loss,val_acc,val_loss,val_f1,val_precision,val_recall,curr_epoch
0.5,0.6986548,0.6583333333333334,0.69126743,0.3933700357613401,0.3291666666666667,0.5,0
0.4666666666666667,0.6997017,0.6541666666666666,0.692176,0.39101540820290814,0.3270833333333333,0.5,1
0.5,0.69575006,0.6375,0.6931492,0.38707834285279935,0.3241071428571428,0.4873263888888889,2
0.4666666666666667,0.70262134,0.23333333333333336,0.6942903,0.2179283492243051,0.24075403762903763,0.2772591124153624,3
0.5666666666666667,0.69156075,0.26666666666666666,0.6953391,0.24932102184666038,0.30075670856920855,0.28877147158397154,4
0.5666666666666667,0.6798949,0.29583333333333334,0.69590324,0.2796268013784461,0.32284338924963923,0.3131951381951382,5
0.5,0.7005195,0.4083333333333334,0.69567764,0.33768987377039433,0.3462177579365079,0.33896442099567103,6
0.4666666666666667,0.690861,0.43333333333333335,0.6952324,0.32440299220548074,0.31901535964035965,0.34489746364746365,7
0.5666666666666667,0.68121004,0.49583333333333335,0.6938623,0.3462192698605742,0.3272465381840382,0.3926344488844489,8
